No,Initial state,A* time,A* nodes,A* path_length,IDA* time,IDA* nodes,IDA* path_length
1,[123056478],0.0,3,3,0.013546466827392578,15,3
2,[023165487],0.015130281448364258,173,14,2.6646783351898193,11792,14
3,[035186742],0.5925986766815186,2471,20,604.8882088661194,2775642,20
