No,Initial state,A* time,A* nodes,A* path_length,IDA* time,IDA* nodes,IDA* path_length
1,[230461758],0.015677690505981445,165,16,0.297335147857666,745,16
1,[542637018],0.03125429153442383,432,22,1.5184872150421143,18752,22
1,[036245187],0.015622377395629883,246,18,2.0818593502044678,27522,18
