No,Initial state,A* time,A* nodes,A* path_length,IDA* time,IDA* nodes
1,[123056478],0.0001785755157470703,3,3,0.010658502578735352,15,3
